form_id,lexeme,cell,source_form,orth_form,analysed_orth_form,phon_form,analysed_phon_form,paradigm_tag,variants_tag,overabundance_tag,source,page,language_id
ranglong001,no_stem,1.sg,koi,koi,koi,k oi,k oi,,unspecified,,Brown2025Ranglong,nopage,ranglong
ranglong002,no_stem,1.pl,koini,koini,koi+ni,k oi n i,k oi + n i,,unspecified,,Brown2025Ranglong,nopage,ranglong
ranglong003,no_stem,2.sg,nang,nang,nang,n a ŋ,n a ŋ,,unspecified,,Brown2025Ranglong,nopage,ranglong
ranglong004,no_stem,2.pl,nangni,nangni,nang+ni,n a ŋ n i,n a ŋ + n i,,unspecified,,Brown2025Ranglong,nopage,ranglong
ranglong005,no_stem,3.sg,ama,ama,ama,a m a,a m a,,unspecified,,Brown2025Ranglong,nopage,ranglong
ranglong006,no_stem,3.pl,amani,amani,ama+ni,a m a n i,a m a + n i,,unspecified,,Brown2025Ranglong,nopage,ranglong
ranglong007,se,1.sg.fut.aff,kēise rang,kēiΣ rang,kēi+Σ+rang,k eei Σ r a ŋ,k eei + Σ + r a ŋ,rang_fut,unspecified,,Brown2025Ranglong,nopage,ranglong
ranglong008,se,1.pl.fut.aff,nēise rang,nēiΣ rang,nēi+Σ+rang,n eei Σ r a ŋ,n eei + Σ + r a ŋ,rang_fut,unspecified,,Brown2025Ranglong,nopage,ranglong
ranglong009,mu,1.sg.2.sg.fut.aff,namu kating,naΣ kating,na+Σ+ka+ti+ng,n a Σ k a t i ŋ,n a + Σ + k a + t i + ŋ,ti_fut,unspecified,,Brown2025Ranglong,nopage,ranglong
ranglong010,mu,1.sg.2.sg.fut.aff,kēinamu rang,kēinaΣ rang,kēi+na+Σ+rang,k eei n a Σ r a ŋ,k eei + n a + Σ + r a ŋ,rang_fut,unspecified,,Brown2025Ranglong,nopage,ranglong
ranglong011,mu,1.sg.2.pl.fut.aff,namu u kating,naΣ u kating,na+Σ+u+ka+ti+ng,n a Σ u k a t i ŋ,n a + Σ + u + k a + t i + ŋ,ti_fut,unspecified,,Brown2025Ranglong,nopage,ranglong
ranglong012,mu,1.sg.2.pl.fut.aff,namu kating,naΣ kating,na+Σ+ka+ti+ng,n a Σ k a t i ŋ,n a + Σ + k a + t i + ŋ,ti_fut,unspecified,optional_plural,Brown2025Ranglong,nopage,ranglong
ranglong013,mu,1.sg.2.pl.fut.aff,kēinamu u rang,kēinaΣ u rang,kēi+na+Σ+u+rang,k eei n a Σ u r a ŋ,k eei + n a + Σ + u + r a ŋ,rang_fut,unspecified,,Brown2025Ranglong,nopage,ranglong
ranglong014,mu,1.sg.2.pl.fut.aff,kēinamu rang,kēinaΣ rang,kēi+na+Σ+rang,k eei n a Σ r a ŋ,k eei + n a + Σ + r a ŋ,rang_fut,unspecified,optional_plural,Brown2025Ranglong,nopage,ranglong
ranglong015,mu,1.pl.2.sg.fut.aff,namu inti,naΣ inti,na+Σ+in+ti,n a Σ i n t i,n a + Σ + i n + t i,ti_fut,unspecified,,Brown2025Ranglong,nopage,ranglong
ranglong016,mu,1.pl.2.sg.fut.aff,nanamu,nanaΣ,nēi+na+Σ+rang,n eei n a Σ r a ŋ,n eei + n a + Σ + r a ŋ,rang_fut,unspecified,,Brown2025Ranglong,nopage,ranglong
ranglong017,mu,1.pl.2.pl.fut.aff,namu u inti,naΣ u inti,na+Σ+u+in+ti,n a Σ u i n t i,n a + Σ + u + i n + t i,ti_fut,unspecified,,Brown2025Ranglong,nopage,ranglong
ranglong018,mu,1.pl.2.pl.fut.aff,namu inti,naΣ inti,na+Σ+in+ti,n a Σ i n t i,n a + Σ + i n + t i,ti_fut,unspecified,optional_plural,Brown2025Ranglong,nopage,ranglong
ranglong019,mu,1.pl.2.pl.fut.aff,nēinamu u rang,nēinaΣ u rang,nēi+na+Σ+u+rang,n eei n a Σ u r a ŋ,n eei + n a + Σ + u + r a ŋ,rang_fut,unspecified,,Brown2025Ranglong,nopage,ranglong
ranglong020,mu,1.pl.2.pl.fut.aff,nēinamu rang,nēinaΣ rang,nēi+na+Σ+rang,n eei n a Σ r a ŋ,n eei + n a + Σ + r a ŋ,rang_fut,unspecified,optional_plural,Brown2025Ranglong,nopage,ranglong
ranglong021,mu,1.sg.3.sg.fut.aff,mu kating,Σ kating,Σ+ka+ti+ng,Σ k a t i ŋ,Σ + k a + t i + ŋ,ti_fut,unspecified,,Brown2025Ranglong,nopage,ranglong
ranglong022,mu,1.sg.3.sg.fut.aff,kēimu rang,kēiΣ rang,kēi+Σ+rang,k eei Σ r a ŋ,k eei + Σ + r a ŋ,rang_fut,unspecified,,Brown2025Ranglong,nopage,ranglong
ranglong023,mu,1.sg.3.pl.fut.aff,mu u kating,Σ u kating,Σ+u+ka+ti+ng,Σ u k a t i ŋ,Σ + u + k a + t i + ŋ,ti_fut,unspecified,,Brown2025Ranglong,nopage,ranglong
ranglong024,mu,1.sg.3.pl.fut.aff,mu kating,Σ kating,Σ+ka+ti+ng,Σ k a t i ŋ,Σ + k a + t i + ŋ,ti_fut,unspecified,optional_plural,Brown2025Ranglong,nopage,ranglong
ranglong025,mu,1.sg.3.pl.fut.aff,kēimu u rang,kēiΣ u rang,kēi+Σ+u+rang,k eei Σ u r a ŋ,k eei + Σ + u + r a ŋ,rang_fut,unspecified,,Brown2025Ranglong,nopage,ranglong
ranglong026,mu,1.sg.3.pl.fut.aff,kēimu rang,kēiΣ rang,kēi+Σ+rang,k eei Σ r a ŋ,k eei + Σ + r a ŋ,rang_fut,unspecified,optional_plural,Brown2025Ranglong,nopage,ranglong
ranglong027,mu,1.pl.3.sg.fut.aff,mu inti,Σ inti,Σ+in+ti,Σ i n t i,Σ + i n + t i,ti_fut,unspecified,,Brown2025Ranglong,nopage,ranglong
ranglong028,mu,1.pl.3.sg.fut.aff,nēimu rang,nēiΣ rang,nēi+Σ+rang,n eei Σ r a ŋ,n eei + Σ + r a ŋ,rang_fut,unspecified,,Brown2025Ranglong,nopage,ranglong
ranglong029,mu,1.pl.3.pl.fut.aff,mu u inti,Σ u inti,Σ+u+in+ti,Σ u i n t i,Σ + u + i n + t i,ti_fut,unspecified,,Brown2025Ranglong,nopage,ranglong
ranglong030,mu,1.pl.3.pl.fut.aff,mu inti,Σ inti,Σ+in+ti,Σ i n t i,Σ + i n + t i,ti_fut,unspecified,optional_plural,Brown2025Ranglong,nopage,ranglong
ranglong031,mu,1.pl.3.pl.fut.aff,nēimu u rang,nēiΣ u rang,nēi+Σ+u+rang,n eei Σ u r a ŋ,n eei + Σ + u + r a ŋ,rang_fut,unspecified,,Brown2025Ranglong,nopage,ranglong
ranglong032,mu,1.pl.3.pl.fut.aff,nēimu rang,nēiΣ rang,nēi+Σ+rang,n eei Σ r a ŋ,n eei + Σ + r a ŋ,rang_fut,unspecified,optional_plural,Brown2025Ranglong,nopage,ranglong
ranglong033,se,2.sg.fut.aff,nēise rang,nēiΣ rang,nēi+Σ+rang,n eei Σ r a ŋ,n eei + Σ + r a ŋ,rang_fut,unspecified,,Brown2025Ranglong,nopage,ranglong
ranglong034,se,2.pl.fut.aff,nēise u rang,nēiΣ u rang,nēi+Σ+u+rang,n eei Σ u r a ŋ,n eei + Σ + u + r a ŋ,rang_fut,unspecified,,Brown2025Ranglong,nopage,ranglong
ranglong035,mu,2.sg.1.sg.fut.aff,nēinamu rang,nēinaΣ rang,nēi+na+Σ+rang,n eei n a Σ r a ŋ,n eei + n a + Σ + r a ŋ,rang_fut,unspecified,,Brown2025Ranglong,nopage,ranglong
ranglong036,mu,2.sg.1.pl.fut.aff,nēinamu u rang,nēinaΣ u rang,nēi+na+Σ+u+rang,n eei n a Σ u r a ŋ,n eei + n a + Σ + u + r a ŋ,rang_fut,unspecified,,Brown2025Ranglong,nopage,ranglong
ranglong037,mu,2.pl.1.sg.fut.aff,namu u nati,naΣ u nati,na+Σ+u+na+ti,n a Σ u n a t i,n a + Σ + u + n a + t i,ti_fut,unspecified,,Brown2025Ranglong,nopage,ranglong
ranglong038,mu,2.pl.1.sg.fut.aff,namu nati,naΣ nati,na+Σ+na+ti,n a Σ n a t i,n a + Σ + n a + t i,ti_fut,unspecified,optional_plural,Brown2025Ranglong,nopage,ranglong
ranglong039,mu,2.pl.1.sg.fut.aff,nēinamu u rang,nēinaΣ u rang,nēi+na+Σ+u+rang,n eei n a Σ u r a ŋ,n eei + n a + Σ + u + r a ŋ,rang_fut,unspecified,,Brown2025Ranglong,nopage,ranglong
ranglong040,mu,2.pl.1.sg.fut.aff,nēinamu rang,nēinaΣ rang,nēi+na+Σ+rang,n eei n a Σ r a ŋ,n eei + n a + Σ + r a ŋ,rang_fut,unspecified,optional_plural,Brown2025Ranglong,nopage,ranglong
ranglong041,mu,2.pl.1.pl.fut.aff,namu u nati,naΣ u nati,na+Σ+u+na+ti,n a Σ u n a t i,n a + Σ + u + n a + t i,ti_fut,unspecified,,Brown2025Ranglong,nopage,ranglong
ranglong042,mu,2.pl.1.pl.fut.aff,namu nati,naΣ nati,na+Σ+na+ti,n a Σ n a t i,n a + Σ + n a + t i,ti_fut,unspecified,optional_plural,Brown2025Ranglong,nopage,ranglong
ranglong043,mu,2.pl.1.pl.fut.aff,nēinamu u rang,nēinaΣ u rang,nēi+na+Σ+u+rang,n eei n a Σ u r a ŋ,n eei + n a + Σ + u + r a ŋ,rang_fut,unspecified,,Brown2025Ranglong,nopage,ranglong
ranglong044,mu,2.pl.1.pl.fut.aff,nēinamu rang,nēinaΣ rang,nēi+na+Σ+rang,n eei n a Σ r a ŋ,n eei + n a + Σ + r a ŋ,rang_fut,unspecified,optional_plural,Brown2025Ranglong,nopage,ranglong
ranglong045,mu,2.sg.3.sg.fut.aff,mu nati,Σ nati,Σ+na+ti,Σ n a t i,Σ + n a + t i,ti_fut,unspecified,,Brown2025Ranglong,nopage,ranglong
ranglong046,mu,2.sg.3.sg.fut.aff,nēimu rang,nēiΣ rang,nēi+Σ+rang,n eei Σ r a ŋ,n eei + Σ + r a ŋ,rang_fut,unspecified,,Brown2025Ranglong,nopage,ranglong
ranglong047,mu,2.sg.3.pl.fut.aff,mu nati,Σ nati,Σ+na+ti,Σ n a t i,Σ + n a + t i,ti_fut,unspecified,,Brown2025Ranglong,nopage,ranglong
ranglong048,mu,2.sg.3.pl.fut.aff,nēimu rang,nēiΣ rang,nēi+Σ+rang,n eei Σ r a ŋ,n eei + Σ + r a ŋ,rang_fut,unspecified,,Brown2025Ranglong,nopage,ranglong
ranglong049,mu,2.pl.3.sg.fut.aff,mu u nati,Σ u nati,Σ+u+na+ti,Σ u n a t i,Σ + u + n a + t i,ti_fut,unspecified,,Brown2025Ranglong,nopage,ranglong
ranglong050,mu,2.pl.3.sg.fut.aff,mu nati,Σ nati,Σ+na+ti,Σ n a t i,Σ + n a + t i,ti_fut,unspecified,optional_plural,Brown2025Ranglong,nopage,ranglong
ranglong051,mu,2.pl.3.sg.fut.aff,nēinamu u rang,nēinaΣ u rang,nēi+na+Σ+u+rang,n eei n a Σ u r a ŋ,n eei + n a + Σ + u + r a ŋ,rang_fut,unspecified,,Brown2025Ranglong,nopage,ranglong
ranglong052,mu,2.pl.3.sg.fut.aff,nēinamu rang,nēinaΣ rang,nēi+na+Σ+rang,n eei n a Σ r a ŋ,n eei + n a + Σ + r a ŋ,rang_fut,unspecified,optional_plural,Brown2025Ranglong,nopage,ranglong
ranglong053,mu,2.pl.3.pl.fut.aff,mu u nati,Σ u nati,Σ+u+na+ti,Σ u n a t i,Σ + u + n a + t i,ti_fut,unspecified,,Brown2025Ranglong,nopage,ranglong
ranglong054,mu,2.pl.3.pl.fut.aff,mu nati,Σ nati,Σ+na+ti,Σ n a t i,Σ + n a + t i,ti_fut,unspecified,optional_plural,Brown2025Ranglong,nopage,ranglong
ranglong055,mu,2.pl.3.pl.fut.aff,nēimu u rang,nēiΣ u rang,nēi+Σ+u+rang,n eei Σ u r a ŋ,n eei + Σ + u + r a ŋ,rang_fut,unspecified,,Brown2025Ranglong,nopage,ranglong
ranglong056,mu,2.pl.3.pl.fut.aff,nēimu rang,nēiΣ rang,nēi+Σ+rang,n eei Σ r a ŋ,n eei + Σ + r a ŋ,rang_fut,unspecified,optional_plural,Brown2025Ranglong,nopage,ranglong
ranglong057,se,3.sg.fut.aff,ēise rang,ēiΣ rang,ēi+Σ+rang,eei Σ r a ŋ,eei + Σ + r a ŋ,rang_fut,unspecified,,Brown2025Ranglong,nopage,ranglong
ranglong058,se,3.pl.fut.aff,ēise u rang,ēiΣ u rang,ēi+Σ+u+rang,eei Σ u r a ŋ,eei + Σ + u + r a ŋ,rang_fut,unspecified,,Brown2025Ranglong,nopage,ranglong
ranglong059,mu,3.sg.1.sg.fut.aff,namu inti,naΣ inti,na+Σ+in+ti,n a Σ i n t i,n a + Σ + i n + t i,ti_fut,unspecified,,Brown2025Ranglong,nopage,ranglong
ranglong060,mu,3.sg.1.sg.fut.aff,ēinamu rang,ēinaΣ rang,ēi+na+Σ+rang,eei n a Σ r a ŋ,eei + n a + Σ + r a ŋ,rang_fut,unspecified,,Brown2025Ranglong,nopage,ranglong
ranglong061,mu,3.sg.1.pl.fut.aff,namu u inti,naΣ u inti,na+Σ+u+in+ti,n a Σ u i n t i,n a + Σ + u + i n + t i,ti_fut,unspecified,,Brown2025Ranglong,nopage,ranglong
ranglong062,mu,3.sg.1.pl.fut.aff,ēinamu rang,ēinaΣ rang,ēi+na+Σ+u+rang,eei n a Σ u r a ŋ,eei + n a + Σ + u + r a ŋ,rang_fut,unspecified,,Brown2025Ranglong,nopage,ranglong
ranglong063,mu,3.pl.1.sg.fut.aff,namu u inti,naΣ u inti,na+Σ+u+in+ti,n a Σ u i n t i,n a + Σ + u + i n + t i,ti_fut,unspecified,,Brown2025Ranglong,nopage,ranglong
ranglong064,mu,3.pl.1.sg.fut.aff,namu inti,naΣ inti,na+Σ+in+ti,n a Σ i n t i,n a + Σ + i n + t i,ti_fut,unspecified,optional_plural,Brown2025Ranglong,nopage,ranglong
ranglong065,mu,3.pl.1.sg.fut.aff,ēinamu u rang,ēinaΣ u rang,ēi+na+Σ+u+rang,eei n a Σ u r a ŋ,eei + n a + Σ + u + r a ŋ,rang_fut,unspecified,,Brown2025Ranglong,nopage,ranglong
ranglong066,mu,3.pl.1.sg.fut.aff,ēinamu rang,ēinaΣ rang,ēi+na+Σ+rang,eei n a Σ r a ŋ,eei + n a + Σ + r a ŋ,rang_fut,unspecified,optional_plural,Brown2025Ranglong,nopage,ranglong
ranglong067,mu,3.pl.1.pl.fut.aff,namu u inti,naΣ u inti,na+Σ+u+in+ti,n a Σ u i n t i,n a + Σ + u + i n + t i,ti_fut,unspecified,,Brown2025Ranglong,nopage,ranglong
ranglong068,mu,3.pl.1.pl.fut.aff,namu inti,naΣ inti,na+Σ+in+ti,n a Σ i n t i,n a + Σ + i n + t i,ti_fut,unspecified,optional_plural,Brown2025Ranglong,nopage,ranglong
ranglong069,mu,3.pl.1.pl.fut.aff,ēinamu u rang,ēinaΣ u rang,ēi+na+Σ+u+rang,eei n a Σ u r a ŋ,eei + n a + Σ + u + r a ŋ,rang_fut,unspecified,,Brown2025Ranglong,nopage,ranglong
ranglong070,mu,3.pl.1.pl.fut.aff,ēinamu rang,ēinaΣ rang,ēi+na+Σ+rang,eei n a Σ r a ŋ,eei + n a + Σ + r a ŋ,rang_fut,unspecified,optional_plural,Brown2025Ranglong,nopage,ranglong
ranglong071,mu,3.sg.2.sg.fut.aff,namu inti,naΣ inti,na+Σ+in+ti,n a Σ i n t i,n a + Σ + i n + t i,ti_fut,unspecified,,Brown2025Ranglong,nopage,ranglong
ranglong072,mu,3.sg.2.sg.fut.aff,ēinamu rang,ēinaΣ rang,ēi+na+Σ+rang,eei n a Σ r a ŋ,eei + n a + Σ + r a ŋ,rang_fut,unspecified,,Brown2025Ranglong,nopage,ranglong
ranglong073,mu,3.sg.2.pl.fut.aff,namu u inti,naΣ u inti,na+Σ+u+in+ti,n a Σ u i n t i,n a + Σ + u + i n + t i,ti_fut,unspecified,,Brown2025Ranglong,nopage,ranglong
ranglong074,mu,3.sg.2.pl.fut.aff,namu inti,naΣ inti,na+Σ+in+ti,n a Σ i n t i,n a + Σ + i n + t i,ti_fut,unspecified,optional_plural,Brown2025Ranglong,nopage,ranglong
ranglong075,mu,3.sg.2.pl.fut.aff,ēinamu u rang,ēinaΣ u rang,ēi+na+Σ+u+rang,eei n a Σ u r a ŋ,eei + n a + Σ + u + r a ŋ,rang_fut,unspecified,,Brown2025Ranglong,nopage,ranglong
ranglong076,mu,3.sg.2.pl.fut.aff,ēinamu rang,ēinaΣ rang,ēi+na+Σ+rang,eei n a Σ r a ŋ,eei + n a + Σ + r a ŋ,rang_fut,unspecified,optional_plural,Brown2025Ranglong,nopage,ranglong
ranglong077,mu,3.pl.2.sg.fut.aff,namu u inti,naΣ u inti,na+Σ+u+in+ti,n a Σ u i n t i,n a + Σ + u + i n + t i,ti_fut,unspecified,,Brown2025Ranglong,nopage,ranglong
ranglong078,mu,3.pl.2.sg.fut.aff,namu inti,naΣ inti,na+Σ+in+ti,n a Σ i n t i,n a + Σ + i n + t i,ti_fut,unspecified,optional_plural,Brown2025Ranglong,nopage,ranglong
ranglong079,mu,3.pl.2.sg.fut.aff,ēinamu u rang,ēinaΣ u rang,ēi+na+Σ+u+rang,eei n a Σ u r a ŋ,eei + n a + Σ + u + r a ŋ,rang_fut,unspecified,,Brown2025Ranglong,nopage,ranglong
ranglong080,mu,3.pl.2.sg.fut.aff,ēinamu rang,ēinaΣ rang,ēi+na+Σ+rang,eei n a Σ r a ŋ,eei + n a + Σ + r a ŋ,rang_fut,unspecified,optional_plural,Brown2025Ranglong,nopage,ranglong
ranglong081,mu,3.pl.2.pl.fut.aff,namu u inti,naΣ u inti,na+Σ+u+in+ti,n a Σ u i n t i,n a + Σ + u + i n + t i,ti_fut,unspecified,,Brown2025Ranglong,nopage,ranglong
ranglong082,mu,3.pl.2.pl.fut.aff,namu inti,naΣ inti,na+Σ+in+ti,n a Σ i n t i,n a + Σ + i n + t i,ti_fut,unspecified,optional_plural,Brown2025Ranglong,nopage,ranglong
ranglong083,mu,3.pl.2.pl.fut.aff,ēinamu u rang,ēinaΣ u rang,ēi+na+Σ+u+rang,eei n a Σ u r a ŋ,eei + n a + Σ + u + r a ŋ,rang_fut,unspecified,,Brown2025Ranglong,nopage,ranglong
ranglong084,mu,3.pl.2.pl.fut.aff,ēinamu rang,ēinaΣ rang,ēi+na+Σ+rang,eei n a Σ r a ŋ,eei + n a + Σ + r a ŋ,rang_fut,unspecified,optional_plural,Brown2025Ranglong,nopage,ranglong
ranglong085,mu,3.sg.3.sg.fut.aff,mu inti,Σ inti,Σ+in+ti,Σ i n t i,Σ + i n + t i,ti_fut,unspecified,,Brown2025Ranglong,nopage,ranglong
ranglong086,mu,3.sg.3.sg.fut.aff,ēimu rang,ēiΣ rang,ēi+Σ+rang,eei Σ r a ŋ,eei + Σ + r a ŋ,rang_fut,unspecified,,Brown2025Ranglong,nopage,ranglong
ranglong087,mu,3.sg.3.pl.fut.aff,mu u inti,Σ u inti,Σ+u+in+ti,Σ u i n t i,Σ + u + i n + t i,ti_fut,unspecified,,Brown2025Ranglong,nopage,ranglong
ranglong088,mu,3.sg.3.pl.fut.aff,mu inti,Σ inti,Σ+in+ti,Σ i n t i,Σ + i n + t i,ti_fut,unspecified,optional_plural,Brown2025Ranglong,nopage,ranglong
ranglong089,mu,3.sg.3.pl.fut.aff,ēimu u rang,ēiΣ u rang,ēi+Σ+u+rang,eei Σ u r a ŋ,eei + Σ + u + r a ŋ,rang_fut,unspecified,,Brown2025Ranglong,nopage,ranglong
ranglong090,mu,3.pl.3.sg.fut.aff,mu u inti,Σ u inti,Σ+u+in+ti,Σ u i n t i,Σ + u + i n + t i,ti_fut,unspecified,,Brown2025Ranglong,nopage,ranglong
ranglong091,mu,3.pl.3.sg.fut.aff,mu inti,Σ inti,Σ+in+ti,Σ i n t i,Σ + i n + t i,ti_fut,unspecified,optional_plural,Brown2025Ranglong,nopage,ranglong
ranglong092,mu,3.pl.3.sg.fut.aff,ēimu u rang,ēiΣ u rang,ēi+Σ+u+rang,eei Σ u r a ŋ,eei + Σ + u + r a ŋ,rang_fut,unspecified,,Brown2025Ranglong,nopage,ranglong
ranglong093,mu,3.pl.3.sg.fut.aff,ēimu rang,ēiΣ rang,ēi+Σ+rang,eei Σ r a ŋ,eei + Σ + r a ŋ,rang_fut,unspecified,optional_plural,Brown2025Ranglong,nopage,ranglong
ranglong094,mu,3.pl.3.pl.fut.aff,mu u inti,Σ u inti,Σ+u+in+ti,Σ u i n t i,Σ + u + i n + t i,ti_fut,unspecified,,Brown2025Ranglong,nopage,ranglong
ranglong095,mu,3.pl.3.pl.fut.aff,mu inti,Σ inti,Σ+in+ti,Σ i n t i,Σ + i n + t i,ti_fut,unspecified,optional_plural,Brown2025Ranglong,nopage,ranglong
ranglong096,mu,3.pl.3.pl.fut.aff,ēimu u rang,ēiΣ u rang,ēi+Σ+u+rang,eei Σ u r a ŋ,eei + Σ + u + r a ŋ,rang_fut,unspecified,,Brown2025Ranglong,nopage,ranglong
ranglong097,mu,3.pl.3.pl.fut.aff,ēimu rang,ēiΣ rang,ēi+Σ+rang,eei Σ r a ŋ,eei + Σ + r a ŋ,rang_fut,unspecified,optional_plural,Brown2025Ranglong,nopage,ranglong
ranglong098,se,1.sg.fut.neg,se noning,Σ noning,Σ+no+ni+ng,Σ n o n i ŋ,Σ + n o + n i + ŋ,,unspecified,,Brown2025Ranglong,nopage,ranglong
ranglong099,se,1.pl.fut.neg,se nomani,Σ nomani,Σ+no+ma+ni,Σ n o m a n i,Σ + n o + m a + n i,,unspecified,,Brown2025Ranglong,nopage,ranglong
ranglong100,mu,1.sg.2.sg.fut.neg,namu noning,naΣ noning,na+Σ+no+ni+ng,n a Σ n o n i ŋ,n a + Σ + n o + n i + ŋ,,unspecified,,Brown2025Ranglong,nopage,ranglong
ranglong101,mu,1.sg.2.pl.fut.neg,namu u nomani,naΣ u nomani,na+Σ+u+no+ma+ni,n a Σ u n o m a n i,n a + Σ + u + n o + m a + n i,,unspecified,,Brown2025Ranglong,nopage,ranglong
ranglong102,mu,1.sg.2.pl.fut.neg,namu nomani,naΣ nomani,na+Σ+no+ma+ni,n a Σ n o m a n i,n a + Σ + n o + m a + n i,,unspecified,optional_plural,Brown2025Ranglong,nopage,ranglong
ranglong103,mu,1.sg.3.pl.fut.neg,mu u noning,Σ u noning,Σ+u+no+ni+ng,Σ u n o n i ŋ,Σ + u + n o + n i + ŋ,,unspecified,,Brown2025Ranglong,nopage,ranglong
ranglong104,mu,1.sg.3.pl.fut.neg,mu noning,Σ noning,Σ+no+ni+ng,Σ n o n i ŋ,Σ + n o + n i + ŋ,,unspecified,optional_plural,Brown2025Ranglong,nopage,ranglong
ranglong105,mu,1.pl.2.sg.fut.neg,namu nomani,naΣ nomani,na+Σ+no+ma+ni,n a Σ n o m a n i,n a + Σ + n o + m a + n i,,unspecified,,Brown2025Ranglong,nopage,ranglong
ranglong106,mu,1.pl.2.pl.fut.neg,namu u nomani,naΣ u nomani,na+Σ+u+no+ma+ni,n a Σ u n o m a n i,n a + Σ + u + n o + m a + n i,,unspecified,,Brown2025Ranglong,nopage,ranglong
ranglong107,mu,1.pl.2.pl.fut.neg,namu nomani,naΣ nomani,na+Σ+no+ma+ni,n a Σ n o m a n i,n a + Σ + n o + m a + n i,,unspecified,optional_plural,Brown2025Ranglong,nopage,ranglong
ranglong108,mu,1.sg.3.sg.fut.neg,mu noning,Σ noning,Σ+no+ni+ng,Σ n o n i ŋ,Σ + n o + n i + ŋ,,unspecified,,Brown2025Ranglong,nopage,ranglong
ranglong109,mu,1.pl.3.sg.fut.neg,mu nomani,Σ nomani,Σ+no+ma+ni,Σ n o m a n i,Σ + n o + m a + n i,,unspecified,,Brown2025Ranglong,nopage,ranglong
ranglong110,mu,1.pl.3.pl.fut.neg,mu u nomani,Σ u nomani,Σ+u+no+ma+ni,Σ u n o m a n i,Σ + u + n o + m a + n i,,unspecified,,Brown2025Ranglong,nopage,ranglong
ranglong111,mu,1.pl.3.pl.fut.neg,mu nomani,Σ nomani,Σ+no+ma+ni,Σ n o m a n i,Σ + n o + m a + n i,,unspecified,optional_plural,Brown2025Ranglong,nopage,ranglong
ranglong112,se,2.sg.fut.neg,se notani,Σ notani,Σ+no+ta+ni,Σ n o t a n i,Σ + n o + t a + n i,,unspecified,,Brown2025Ranglong,nopage,ranglong
ranglong113,se,2.pl.fut.neg,se u notani,Σ u notani,Σ+u+no+ta+ni,Σ u n o t a n i,Σ + u + n o + t a + n i,,unspecified,,Brown2025Ranglong,nopage,ranglong
ranglong114,mu,2.sg.1.sg.fut.neg,namu notani,naΣ notani,na+Σ+no+ta+ni,n a Σ n o t a n i,n a + Σ + n o + t a + n i,,unspecified,,Brown2025Ranglong,nopage,ranglong
ranglong115,mu,2.sg.1.pl.fut.neg,namu u notani,naΣ u notani,na+Σ+u+no+ta+ni,n a Σ u n o t a n i,n a + Σ + u + n o + t a + n i,,unspecified,,Brown2025Ranglong,nopage,ranglong
ranglong116,mu,2.pl.1.sg.fut.neg,namu u notani,naΣ u notani,na+Σ+u+no+ta+ni,n a Σ u n o t a n i,n a + Σ + u + n o + t a + n i,,unspecified,,Brown2025Ranglong,nopage,ranglong
ranglong117,mu,2.pl.1.sg.fut.neg,namu notani,naΣ notani,na+Σ+no+ta+ni,n a Σ n o t a n i,n a + Σ + n o + t a + n i,,unspecified,optional_plural,Brown2025Ranglong,nopage,ranglong
ranglong118,mu,2.pl.1.pl.fut.neg,namu u notani,naΣ u notani,na+Σ+u+no+ta+ni,n a Σ u n o t a n i,n a + Σ + u + n o + t a + n i,,unspecified,,Brown2025Ranglong,nopage,ranglong
ranglong119,mu,2.pl.1.pl.fut.neg,namu notani,naΣ notani,na+Σ+no+ta+ni,n a Σ n o t a n i,n a + Σ + n o + t a + n i,,unspecified,optional_plural,Brown2025Ranglong,nopage,ranglong
ranglong120,mu,2.sg.3.sg.fut.neg,mu notani,Σ notani,Σ+no+ta+ni,Σ n o t a n i,Σ + n o + t a + n i,,unspecified,,Brown2025Ranglong,nopage,ranglong
ranglong121,mu,2.sg.3.pl.fut.neg,mu notani,Σ notani,Σ+no+ta+ni,Σ n o t a n i,Σ + n o + t a + n i,,unspecified,,Brown2025Ranglong,nopage,ranglong
ranglong122,mu,2.pl.3.sg.fut.neg,mu u notani,Σ u notani,Σ+u+no+ta+ni,Σ u n o t a n i,Σ + u + n o + t a + n i,,unspecified,,Brown2025Ranglong,nopage,ranglong
ranglong123,mu,2.pl.3.sg.fut.neg,mu notani,Σ notani,Σ+no+ta+ni,Σ n o t a n i,Σ + n o + t a + n i,,unspecified,optional_plural,Brown2025Ranglong,nopage,ranglong
ranglong124,mu,2.pl.3.pl.fut.neg,mu u notani,Σ u notani,Σ+u+no+ta+ni,Σ u n o t a n i,Σ + u + n o + t a + n i,,unspecified,,Brown2025Ranglong,nopage,ranglong
ranglong125,mu,2.pl.3.pl.fut.neg,mu notani,Σ notani,Σ+no+ta+ni,Σ n o t a n i,Σ + n o + t a + n i,,unspecified,optional_plural,Brown2025Ranglong,nopage,ranglong
ranglong126,se,3.sg.fut.neg,se noni,Σ noni,Σ+no+ni,Σ n o n i,Σ + n o + n i,,unspecified,,Brown2025Ranglong,nopage,ranglong
ranglong127,se,3.pl.fut.neg,se u noni,Σ u noni,Σ+u+no+ni,Σ u n o n i,Σ + u + n o + n i,,unspecified,,Brown2025Ranglong,nopage,ranglong
ranglong128,mu,3.sg.1.sg.fut.neg,namu noni,naΣ noni,na+Σ+no+ni,n a Σ n o n i,n a + Σ + n o + n i,,unspecified,,Brown2025Ranglong,nopage,ranglong
ranglong129,mu,3.sg.1.pl.fut.neg,namu u noni,naΣ u noni,na+Σ+u+no+ni,n a Σ u n o n i,n a + Σ + u + n o + n i,,unspecified,,Brown2025Ranglong,nopage,ranglong
ranglong130,mu,3.pl.1.sg.fut.neg,namu u noni,naΣ u noni,na+Σ+u+no+ni,n a Σ u n o n i,n a + Σ + u + n o + n i,,unspecified,,Brown2025Ranglong,nopage,ranglong
ranglong131,mu,3.pl.1.sg.fut.neg,namu noni,naΣ noni,na+Σ+no+ni,n a Σ n o n i,n a + Σ + n o + n i,,unspecified,optional_plural,Brown2025Ranglong,nopage,ranglong
ranglong132,mu,3.pl.1.pl.fut.neg,namu u noni,naΣ u noni,na+Σ+u+no+ni,n a Σ u n o n i,n a + Σ + u + n o + n i,,unspecified,,Brown2025Ranglong,nopage,ranglong
ranglong133,mu,3.pl.1.pl.fut.neg,namu noni,naΣ noni,na+Σ+no+ni,n a Σ n o n i,n a + Σ + n o + n i,,unspecified,optional_plural,Brown2025Ranglong,nopage,ranglong
ranglong134,mu,3.sg.2.sg.fut.neg,namu noni,naΣ noni,na+Σ+no+ni,n a Σ n o n i,n a + Σ + n o + n i,,unspecified,,Brown2025Ranglong,nopage,ranglong
ranglong135,mu,3.sg.2.pl.fut.neg,namu u noni,naΣ u noni,na+Σ+u+no+ni,n a Σ u n o n i,n a + Σ + u + n o + n i,,unspecified,,Brown2025Ranglong,nopage,ranglong
ranglong136,mu,3.sg.2.pl.fut.neg,namu noni,naΣ noni,na+Σ+no+ni,n a Σ n o n i,n a + Σ + n o + n i,,unspecified,optional_plural,Brown2025Ranglong,nopage,ranglong
ranglong137,mu,3.pl.2.sg.fut.neg,namu u noni,naΣ u noni,na+Σ+u+no+ni,n a Σ u n o n i,n a + Σ + u + n o + n i,,unspecified,,Brown2025Ranglong,nopage,ranglong
ranglong138,mu,3.pl.2.sg.fut.neg,namu noni,naΣ noni,na+Σ+no+ni,n a Σ n o n i,n a + Σ + n o + n i,,unspecified,optional_plural,Brown2025Ranglong,nopage,ranglong
ranglong139,mu,3.pl.2.pl.fut.neg,namu u noni,naΣ u noni,na+Σ+u+no+ni,n a Σ u n o n i,n a + Σ + u + n o + n i,,unspecified,,Brown2025Ranglong,nopage,ranglong
ranglong140,mu,3.pl.2.pl.fut.neg,namu noni,naΣ noni,na+Σ+no+ni,n a Σ n o n i,n a + Σ + n o + n i,,unspecified,optional_plural,Brown2025Ranglong,nopage,ranglong
ranglong141,mu,3.sg.3.sg.fut.neg,mu noni,Σ noni,Σ+no+ni,Σ n o n i,Σ + n o + n i,,unspecified,,Brown2025Ranglong,nopage,ranglong
ranglong142,mu,3.sg.3.pl.fut.neg,mu u noni,Σ u noni,Σ+u+no+ni,Σ u n o n i,Σ + u + n o + n i,,unspecified,,Brown2025Ranglong,nopage,ranglong
ranglong143,mu,3.sg.3.pl.fut.neg,mu noni,Σ noni,Σ+no+ni,Σ n o n i,Σ + n o + n i,,unspecified,optional_plural,Brown2025Ranglong,nopage,ranglong
ranglong144,mu,3.pl.3.sg.fut.neg,mu u noni,Σ u noni,Σ+u+no+ni,Σ u n o n i,Σ + u + n o + n i,,unspecified,,Brown2025Ranglong,nopage,ranglong
ranglong145,mu,3.pl.3.sg.fut.neg,mu noni,Σ noni,Σ+no+ni,Σ n o n i,Σ + n o + n i,,unspecified,optional_plural,Brown2025Ranglong,nopage,ranglong
ranglong146,mu,3.pl.3.pl.fut.neg,mu u noni,Σ u noni,Σ+u+no+ni,Σ u n o n i,Σ + u + n o + n i,,unspecified,,Brown2025Ranglong,nopage,ranglong
ranglong147,mu,3.pl.3.pl.fut.neg,mu noni,Σ noni,Σ+no+ni,Σ n o n i,Σ + n o + n i,,unspecified,optional_plural,Brown2025Ranglong,nopage,ranglong
ranglong148,se,1.sg.nfut.aff,kase,kaΣ,ka+Σ,k a Σ,k a + Σ,,unspecified,,Brown2025Ranglong,nopage,ranglong
ranglong149,se,1.pl.nfut.aff,nase,naΣ,na+Σ,n a Σ,n a + Σ,,unspecified,,Brown2025Ranglong,nopage,ranglong
ranglong150,mu,1.sg.2.sg.nfut.aff,kanamu,kanaΣ,ka+na+Σ,k a n a Σ,k a + n a + Σ,,unspecified,,Brown2025Ranglong,nopage,ranglong
ranglong151,mu,1.sg.2.pl.nfut.aff,kanamu u,kanaΣ u,ka+na+Σ+u,k a n a Σ u,k a + n a + Σ + u,,unspecified,,Brown2025Ranglong,nopage,ranglong
ranglong152,mu,1.sg.2.pl.nfut.aff,kanamu,kanaΣ,ka+na+Σ,k a n a Σ,k a + n a + Σ,,unspecified,optional_plural,Brown2025Ranglong,nopage,ranglong
ranglong153,mu,1.pl.2.sg.nfut.aff,nanamu,nanaΣ,na+na+Σ,n a n a Σ,n a + n a + Σ,,unspecified,,Brown2025Ranglong,nopage,ranglong
ranglong154,mu,1.pl.2.pl.nfut.aff,nanamu u,nanaΣ u,na+na+Σ+u,n a n a Σ u,n a + n a + Σ + u,,unspecified,,Brown2025Ranglong,nopage,ranglong
ranglong155,mu,1.pl.2.pl.nfut.aff,nanamu,nanaΣ,na+na+Σ,n a n a Σ,n a + n a + Σ,,unspecified,optional_plural,Brown2025Ranglong,nopage,ranglong
ranglong156,mu,1.sg.3.sg.nfut.aff,kamu,kaΣ,ka+Σ,k a Σ,k a + Σ,,unspecified,,Brown2025Ranglong,nopage,ranglong
ranglong157,mu,1.sg.3.pl.nfut.aff,kamu u,kaΣ u,ka+Σ+u,k a Σ u,k a + Σ + u,,unspecified,,Brown2025Ranglong,nopage,ranglong
ranglong158,mu,1.sg.3.pl.nfut.aff,kamu,kaΣ,ka+Σ,k a Σ,k a + Σ,,unspecified,optional_plural,Brown2025Ranglong,nopage,ranglong
ranglong159,mu,1.pl.3.sg.nfut.aff,namu,naΣ,na+Σ,n a Σ,n a + Σ,,unspecified,,Brown2025Ranglong,nopage,ranglong
ranglong160,mu,1.pl.3.pl.nfut.aff,namu u,naΣ u,na+Σ+u,n a Σ u,n a + Σ + u,,unspecified,,Brown2025Ranglong,nopage,ranglong
ranglong161,mu,1.pl.3.pl.nfut.aff,namu,naΣ,na+Σ,n a Σ,n a + Σ,,unspecified,optional_plural,Brown2025Ranglong,nopage,ranglong
ranglong162,se,2.sg.nfut.aff,nase,naΣ,na+Σ,n a Σ,n a + Σ,,unspecified,,Brown2025Ranglong,nopage,ranglong
ranglong163,se,2.pl.nfut.aff,nase u,naΣ u,na+Σ+u,n a Σ u,n a + Σ + u,,unspecified,,Brown2025Ranglong,nopage,ranglong
ranglong164,mu,2.sg.1.sg.nfut.aff,nanamu,nanaΣ,na+na+Σ,n a n a Σ,n a + n a + Σ,,unspecified,,Brown2025Ranglong,nopage,ranglong
ranglong165,mu,2.sg.1.pl.nfut.aff,nanamu u,nanaΣ u,na+na+Σ+u,n a n a Σ u,n a + n a + Σ + u,,unspecified,,Brown2025Ranglong,nopage,ranglong
ranglong166,mu,2.pl.1.sg.nfut.aff,nanamu u,nanaΣ u,na+na+Σ+u,n a n a Σ u,n a + n a + Σ + u,,unspecified,,Brown2025Ranglong,nopage,ranglong
ranglong167,mu,2.pl.1.sg.nfut.aff,nanamu,nanaΣ,na+na+Σ,n a n a Σ,n a + n a + Σ,,unspecified,optional_plural,Brown2025Ranglong,nopage,ranglong
ranglong168,mu,2.pl.1.pl.nfut.aff,nanamu u,nanaΣ u,na+na+Σ+u,n a n a Σ u,n a + n a + Σ + u,,unspecified,,Brown2025Ranglong,nopage,ranglong
ranglong169,mu,2.pl.1.pl.nfut.aff,nanamu,nanaΣ,na+na+Σ,n a n a Σ,n a + n a + Σ,,unspecified,optional_plural,Brown2025Ranglong,nopage,ranglong
ranglong170,mu,2.sg.3.sg.nfut.aff,namu,naΣ,na+Σ,n a Σ,n a + Σ,,unspecified,,Brown2025Ranglong,nopage,ranglong
ranglong171,mu,2.sg.3.pl.nfut.aff,namu,naΣ,na+Σ,n a Σ,n a + Σ,,unspecified,,Brown2025Ranglong,nopage,ranglong
ranglong172,mu,2.pl.3.sg.nfut.aff,namu u,naΣ u,na+Σ+u,n a Σ u,n a + Σ + u,,unspecified,,Brown2025Ranglong,nopage,ranglong
ranglong173,mu,2.pl.3.sg.nfut.aff,namu,naΣ,na+Σ,n a Σ,n a + Σ,,unspecified,optional_plural,Brown2025Ranglong,nopage,ranglong
ranglong174,mu,2.pl.3.pl.nfut.aff,namu u,naΣ u,na+Σ+u,n a Σ u,n a + Σ + u,,unspecified,,Brown2025Ranglong,nopage,ranglong
ranglong175,mu,2.pl.3.pl.nfut.aff,namu,naΣ,na+Σ,n a Σ,n a + Σ,,unspecified,optional_plural,Brown2025Ranglong,nopage,ranglong
ranglong176,se,3.sg.nfut.aff,ase,aΣ,a+Σ,a Σ,a + Σ,,unspecified,,Brown2025Ranglong,nopage,ranglong
ranglong177,se,3.pl.nfut.aff,ase u,aΣ u,a+Σ+u,a Σ u,a + Σ + u,,unspecified,,Brown2025Ranglong,nopage,ranglong
ranglong178,mu,3.sg.1.sg.nfut.aff,anamu,anaΣ,a+na+Σ,a n a Σ,a + n a + Σ,,unspecified,,Brown2025Ranglong,nopage,ranglong
ranglong179,mu,3.sg.1.pl.nfut.aff,anamu u,anaΣ u,a+na+Σ+u,a n a Σ u,a + n a + Σ + u,,unspecified,,Brown2025Ranglong,nopage,ranglong
ranglong180,mu,3.pl.1.sg.nfut.aff,anamu u,anaΣ u,a+na+Σ+u,a n a Σ u,a + n a + Σ + u,,unspecified,,Brown2025Ranglong,nopage,ranglong
ranglong181,mu,3.pl.1.sg.nfut.aff,anamu,anaΣ,a+na+Σ,a n a Σ,a + n a + Σ,,unspecified,optional_plural,Brown2025Ranglong,nopage,ranglong
ranglong182,mu,3.pl.1.pl.nfut.aff,anamu u,anaΣ u,a+na+Σ+u,a n a Σ u,a + n a + Σ + u,,unspecified,,Brown2025Ranglong,nopage,ranglong
ranglong183,mu,3.pl.1.pl.nfut.aff,anamu,anaΣ,a+na+Σ,a n a Σ,a + n a + Σ,,unspecified,optional_plural,Brown2025Ranglong,nopage,ranglong
ranglong184,mu,3.sg.2.sg.nfut.aff,anamu,anaΣ,a+na+Σ,a n a Σ,a + n a + Σ,,unspecified,,Brown2025Ranglong,nopage,ranglong
ranglong185,mu,3.sg.2.pl.nfut.aff,anamu u,anaΣ u,a+na+Σ+u,a n a Σ u,a + n a + Σ + u,,unspecified,,Brown2025Ranglong,nopage,ranglong
ranglong186,mu,3.sg.2.pl.nfut.aff,anamu,anaΣ,a+na+Σ,a n a Σ,a + n a + Σ,,unspecified,optional_plural,Brown2025Ranglong,nopage,ranglong
ranglong187,mu,3.pl.2.sg.nfut.aff,anamu u,anaΣ u,a+na+Σ+u,a n a Σ u,a + n a + Σ + u,,unspecified,,Brown2025Ranglong,nopage,ranglong
ranglong188,mu,3.pl.2.sg.nfut.aff,anamu,anaΣ,a+na+Σ,a n a Σ,a + n a + Σ,,unspecified,optional_plural,Brown2025Ranglong,nopage,ranglong
ranglong189,mu,3.pl.2.pl.nfut.aff,anamu u,anaΣ u,a+na+Σ+u,a n a Σ u,a + n a + Σ + u,,unspecified,,Brown2025Ranglong,nopage,ranglong
ranglong190,mu,3.pl.2.pl.nfut.aff,anamu,anaΣ,a+na+Σ,a n a Σ,a + n a + Σ,,unspecified,optional_plural,Brown2025Ranglong,nopage,ranglong
ranglong191,mu,3.sg.3.sg.nfut.aff,amu,aΣ,a+Σ,a Σ,a + Σ,,unspecified,,Brown2025Ranglong,nopage,ranglong
ranglong192,mu,3.sg.3.pl.nfut.aff,amu u,aΣ u,a+Σ+u,a Σ u,a + Σ + u,,unspecified,,Brown2025Ranglong,nopage,ranglong
ranglong193,mu,3.sg.3.pl.nfut.aff,amu,aΣ,a+Σ,a Σ,a + Σ,,unspecified,optional_plural,Brown2025Ranglong,nopage,ranglong
ranglong194,mu,3.pl.3.sg.nfut.aff,amu u,aΣ u,a+Σ+u,a Σ u,a + Σ + u,,unspecified,,Brown2025Ranglong,nopage,ranglong
ranglong195,mu,3.pl.3.sg.nfut.aff,amu,aΣ,a+Σ,a Σ,a + Σ,,unspecified,optional_plural,Brown2025Ranglong,nopage,ranglong
ranglong196,mu,3.pl.3.pl.nfut.aff,amu u,aΣ u,a+Σ+u,a Σ u,a + Σ + u,,unspecified,,Brown2025Ranglong,nopage,ranglong
ranglong197,mu,3.pl.3.pl.nfut.aff,amu,aΣ,a+Σ,a Σ,a + Σ,,unspecified,optional_plural,Brown2025Ranglong,nopage,ranglong
ranglong198,se,1.sg.nfut.neg,se making,Σ making,Σ+mak+ing,Σ m a k i ŋ,Σ + m a k + i ŋ,,dialect_var,,Brown2025Ranglong,nopage,ranglong
ranglong199,se,1.sg.nfut.neg,se makung,Σ makung,Σ+mak+ung,Σ m a k u ŋ,Σ + m a k + u ŋ,,unspecified,,Brown2025Ranglong,nopage,ranglong
ranglong200,se,1.pl.nfut.neg,se makme,Σ makme,Σ+mak+me,Σ m a k m e,Σ + m a k + m e,,unspecified,,Brown2025Ranglong,nopage,ranglong
ranglong201,mu,1.sg.2.sg.nfut.neg,namu making,naΣ making,na+Σ+mak+ing,n a Σ m a k i ŋ,n a + Σ + m a k + i ŋ,,dialect_var,,Brown2025Ranglong,nopage,ranglong
ranglong202,mu,1.sg.2.sg.nfut.neg,namu makung,naΣ makung,na+Σ+mak+ung,n a Σ m a k u ŋ,n a + Σ + m a k + u ŋ,,unspecified,,Brown2025Ranglong,nopage,ranglong
ranglong203,mu,1.sg.2.pl.nfut.neg,namu u making,naΣ u making,na+Σ+u+mak+ing,n a Σ u m a k i ŋ,n a + Σ + u + m a k + i ŋ,,dialect_var,,Brown2025Ranglong,nopage,ranglong
ranglong204,mu,1.sg.2.pl.nfut.neg,namu making,naΣ making,na+Σ+mak+ing,n a Σ m a k i ŋ,n a + Σ + m a k + i ŋ,,dialect_var,optional_plural,Brown2025Ranglong,nopage,ranglong
ranglong205,mu,1.sg.2.pl.nfut.neg,namu u makung,naΣ u makung,na+Σ+u+mak+ung,n a Σ u m a k u ŋ,n a + Σ + u + m a k + u ŋ,,unspecified,,Brown2025Ranglong,nopage,ranglong
ranglong206,mu,1.sg.2.pl.nfut.neg,namu makung,naΣ makung,na+Σ+mak+ung,n a Σ m a k u ŋ,n a + Σ + m a k + u ŋ,,unspecified,optional_plural,Brown2025Ranglong,nopage,ranglong
ranglong207,mu,1.pl.2.sg.nfut.neg,namu makme,naΣ makme,na+Σ+mak+me,n a Σ m a k m e,n a + Σ + m a k + m e,,unspecified,,Brown2025Ranglong,nopage,ranglong
ranglong208,mu,1.pl.2.pl.nfut.neg,namu u makme,naΣ u makme,na+Σ+u+mak+me,n a Σ u m a k m e,n a + Σ + u + m a k + m e,,unspecified,,Brown2025Ranglong,nopage,ranglong
ranglong209,mu,1.pl.2.pl.nfut.neg,namu makme,naΣ makme,na+Σ+mak+me,n a Σ m a k m e,n a + Σ + m a k + m e,,unspecified,optional_plural,Brown2025Ranglong,nopage,ranglong
ranglong210,mu,1.sg.3.sg.nfut.neg,mu making,Σ making,Σ+mak+ing,Σ m a k i ŋ,Σ + m a k + i ŋ,,dialect_var,,Brown2025Ranglong,nopage,ranglong
ranglong211,mu,1.sg.3.sg.nfut.neg,mu makung,Σ makung,Σ+mak+ung,Σ m a k u ŋ,Σ + m a k + u ŋ,,unspecified,,Brown2025Ranglong,nopage,ranglong
ranglong212,mu,1.sg.3.pl.nfut.neg,mu u making,Σ u making,Σ+u+mak+ing,Σ u m a k i ŋ,Σ + u + m a k + i ŋ,,dialect_var,,Brown2025Ranglong,nopage,ranglong
ranglong213,mu,1.sg.3.pl.nfut.neg,mu making,Σ making,Σ+mak+ing,Σ m a k i ŋ,Σ + m a k + i ŋ,,dialect_var,optional_plural,Brown2025Ranglong,nopage,ranglong
ranglong214,mu,1.sg.3.pl.nfut.neg,mu u makung,Σ u makung,Σ+u+mak+ung,Σ u m a k u ŋ,Σ + u + m a k + u ŋ,,unspecified,,Brown2025Ranglong,nopage,ranglong
ranglong215,mu,1.sg.3.pl.nfut.neg,mu makung,Σ makung,Σ+mak+ung,Σ m a k u ŋ,Σ + m a k + u ŋ,,unspecified,optional_plural,Brown2025Ranglong,nopage,ranglong
ranglong216,mu,1.pl.3.sg.nfut.neg,mu makme,Σ makme,Σ+mak+me,Σ m a k m e,Σ + m a k + m e,,unspecified,,Brown2025Ranglong,nopage,ranglong
ranglong217,mu,1.pl.3.pl.nfut.neg,mu u makme,Σ u makme,Σ+u+mak+me,Σ u m a k m e,Σ + u + m a k + m e,,unspecified,,Brown2025Ranglong,nopage,ranglong
ranglong218,mu,1.pl.3.pl.nfut.neg,mu makme,Σ makme,Σ+mak+me,Σ m a k m e,Σ + m a k + m e,,unspecified,optional_plural,Brown2025Ranglong,nopage,ranglong
ranglong219,se,2.sg.nfut.neg,se makche,Σ makche,Σ+mak+che,Σ m a k ts e,Σ + m a k + ts e,,unspecified,,Brown2025Ranglong,nopage,ranglong
ranglong220,se,2.pl.nfut.neg,se u makche,Σ u makche,Σ+u+mak+che,Σ u m a k ts e,Σ + u + m a k + ts e,,unspecified,,Brown2025Ranglong,nopage,ranglong
ranglong221,mu,2.sg.1.sg.nfut.neg,namu makche,naΣ makche,na+Σ+mak+che,n a Σ m a k ts e,n a + Σ + m a k + ts e,,unspecified,,Brown2025Ranglong,nopage,ranglong
ranglong222,mu,2.sg.1.pl.nfut.neg,namu u makche,naΣ u makche,na+Σ+u+mak+che,n a Σ u m a k ts e,n a + Σ + u + m a k + ts e,,unspecified,,Brown2025Ranglong,nopage,ranglong
ranglong223,mu,2.pl.1.sg.nfut.neg,mu u makche,Σ u makche,Σ+u+mak+che,Σ u m a k ts e,Σ + u + m a k + ts e,,unspecified,,Brown2025Ranglong,nopage,ranglong
ranglong224,mu,2.pl.1.sg.nfut.neg,mu makche,Σ makche,Σ+mak+che,Σ m a k ts e,Σ + m a k + ts e,,unspecified,optional_plural,Brown2025Ranglong,nopage,ranglong
ranglong225,mu,2.pl.1.pl.nfut.neg,namu u makche,naΣ u makche,na+Σ+u+mak+che,n a Σ u m a k ts e,n a + Σ + u + m a k + ts e,,unspecified,,Brown2025Ranglong,nopage,ranglong
ranglong226,mu,2.pl.1.pl.nfut.neg,namu makche,naΣ makche,na+Σ+mak+che,n a Σ m a k ts e,n a + Σ + m a k + ts e,,unspecified,optional_plural,Brown2025Ranglong,nopage,ranglong
ranglong227,mu,2.sg.3.sg.nfut.neg,mu makche,Σ makche,Σ+mak+che,Σ m a k ts e,Σ + m a k + ts e,,unspecified,,Brown2025Ranglong,nopage,ranglong
ranglong228,mu,2.sg.3.pl.nfut.neg,mu u makche,Σ u makche,Σ+u+mak+che,Σ u m a k ts e,Σ + u + m a k + ts e,,unspecified,,Brown2025Ranglong,nopage,ranglong
ranglong229,mu,2.sg.3.pl.nfut.neg,mu makche,Σ makche,Σ+mak+che,Σ m a k ts e,Σ + m a k + ts e,,unspecified,optional_plural,Brown2025Ranglong,nopage,ranglong
ranglong230,mu,2.pl.3.sg.nfut.neg,mu u makche,Σ u makche,Σ+u+mak+che,Σ u m a k ts e,Σ + u + m a k + ts e,,unspecified,,Brown2025Ranglong,nopage,ranglong
ranglong231,mu,2.pl.3.sg.nfut.neg,mu makche,Σ makche,Σ+mak+che,Σ m a k ts e,Σ + m a k + ts e,,unspecified,optional_plural,Brown2025Ranglong,nopage,ranglong
ranglong232,mu,2.pl.3.pl.nfut.neg,mu u makche,Σ u makche,Σ+u+mak+che,Σ u m a k ts e,Σ + u + m a k + ts e,,unspecified,,Brown2025Ranglong,nopage,ranglong
ranglong233,mu,2.pl.3.pl.nfut.neg,mu makche,Σ makche,Σ+mak+che,Σ m a k ts e,Σ + m a k + ts e,,unspecified,optional_plural,Brown2025Ranglong,nopage,ranglong
ranglong234,se,3.sg.nfut.neg,se mak,Σ mak,Σ+mak,Σ m a k,Σ + m a k,,unspecified,,Brown2025Ranglong,nopage,ranglong
ranglong235,se,3.pl.nfut.neg,se u mak,Σ u mak,Σ+u+mak,Σ u m a k,Σ + u + m a k,,unspecified,,Brown2025Ranglong,nopage,ranglong
ranglong236,mu,3.sg.1.sg.nfut.neg,namu mak,naΣ mak,na+Σ+mak,n a Σ m a k,n a + Σ + m a k,,unspecified,,Brown2025Ranglong,nopage,ranglong
ranglong237,mu,3.sg.1.pl.nfut.neg,namu u mak,naΣ u mak,na+Σ+u+mak,n a Σ u m a k,n a + Σ + u + m a k,,unspecified,,Brown2025Ranglong,nopage,ranglong
ranglong238,mu,3.sg.1.pl.nfut.neg,namu mak,naΣ mak,na+Σ+mak,n a Σ m a k,n a + Σ + m a k,,unspecified,optional_plural,Brown2025Ranglong,nopage,ranglong
ranglong239,mu,3.pl.1.sg.nfut.neg,namu u mak,naΣ u mak,na+Σ+u+mak,n a Σ u m a k,n a + Σ + u + m a k,,unspecified,,Brown2025Ranglong,nopage,ranglong
ranglong240,mu,3.pl.1.sg.nfut.neg,namu mak,naΣ mak,na+Σ+mak,n a Σ m a k,n a + Σ + m a k,,unspecified,optional_plural,Brown2025Ranglong,nopage,ranglong
ranglong241,mu,3.pl.1.pl.nfut.neg,namu u mak,naΣ u mak,na+Σ+u+mak,n a Σ u m a k,n a + Σ + u + m a k,,unspecified,,Brown2025Ranglong,nopage,ranglong
ranglong242,mu,3.pl.1.pl.nfut.neg,namu mak,naΣ mak,na+Σ+mak,n a Σ m a k,n a + Σ + m a k,,unspecified,optional_plural,Brown2025Ranglong,nopage,ranglong
ranglong243,mu,3.sg.2.sg.nfut.neg,namu mak,naΣ mak,na+Σ+mak,n a Σ m a k,n a + Σ + m a k,,unspecified,,Brown2025Ranglong,nopage,ranglong
ranglong244,mu,3.sg.2.pl.nfut.neg,namu mak,naΣ mak,na+Σ+mak,n a Σ m a k,n a + Σ + m a k,,unspecified,,Brown2025Ranglong,nopage,ranglong
ranglong245,mu,3.pl.2.sg.nfut.neg,namu u mak,naΣ u mak,na+Σ+u+mak,n a Σ u m a k,n a + Σ + u + m a k,,unspecified,,Brown2025Ranglong,nopage,ranglong
ranglong246,mu,3.pl.2.sg.nfut.neg,namu mak,naΣ mak,na+Σ+mak,n a Σ m a k,n a + Σ + m a k,,unspecified,optional_plural,Brown2025Ranglong,nopage,ranglong
ranglong247,mu,3.pl.2.pl.nfut.neg,namu u mak,naΣ u mak,na+Σ+u+mak,n a Σ u m a k,n a + Σ + u + m a k,,unspecified,,Brown2025Ranglong,nopage,ranglong
ranglong248,mu,3.pl.2.pl.nfut.neg,namu mak,naΣ mak,na+Σ+mak,n a Σ m a k,n a + Σ + m a k,,unspecified,optional_plural,Brown2025Ranglong,nopage,ranglong
ranglong249,mu,3.sg.3.sg.nfut.neg,mu mak,Σ mak,Σ+mak,Σ m a k,Σ + m a k,,unspecified,,Brown2025Ranglong,nopage,ranglong
ranglong250,mu,3.sg.3.pl.nfut.neg,mu u mak,Σ u mak,Σ+u+mak,Σ u m a k,Σ + u + m a k,,unspecified,,Brown2025Ranglong,nopage,ranglong
ranglong251,mu,3.sg.3.pl.nfut.neg,mu mak,Σ mak,Σ+mak,Σ m a k,Σ + m a k,,unspecified,optional_plural,Brown2025Ranglong,nopage,ranglong
ranglong252,mu,3.pl.3.sg.nfut.neg,mu u mak,Σ u mak,Σ+u+mak,Σ u m a k,Σ + u + m a k,,unspecified,,Brown2025Ranglong,nopage,ranglong
ranglong253,mu,3.pl.3.sg.nfut.neg,mu mak,Σ mak,Σ+mak,Σ m a k,Σ + m a k,,unspecified,optional_plural,Brown2025Ranglong,nopage,ranglong
ranglong254,mu,3.pl.3.pl.nfut.neg,mu u mak,Σ u mak,Σ+u+mak,Σ u m a k,Σ + u + m a k,,unspecified,,Brown2025Ranglong,nopage,ranglong
ranglong255,mu,3.pl.3.pl.nfut.neg,mu mak,Σ mak,Σ+mak,Σ m a k,Σ + m a k,,unspecified,optional_plural,Brown2025Ranglong,nopage,ranglong
